{"cameraMode":{"drawMode":0,"name":"Shaded","section":"Shading Mode"},"sceneLighting":false,"audioPlay":false,"sceneViewState":{"showFog":true,"showMaterialUpdate":false,"showSkybox":false,"showFlares":true,"showImageEffects":true,"showParticleSystems":true},"in2DMode":false,"pivot":{"x":-1.1920928955078126e-7,"y":-7.543712854385376e-8,"z":0.0},"rotation":{"x":-0.01888611912727356,"y":0.9537190198898315,"z":-0.2937764525413513,"w":-0.061312105506658557},"size":1.4145114421844483,"orthographic":false}