{"cameraMode":{"drawMode":0,"name":"Shaded","section":"Shading Mode"},"sceneLighting":true,"audioPlay":false,"sceneViewState":{"showFog":true,"showMaterialUpdate":false,"showSkybox":true,"showFlares":true,"showImageEffects":true,"showParticleSystems":true},"in2DMode":false,"pivot":{"x":0.7128787040710449,"y":4.346893787384033,"z":-0.7326183319091797},"rotation":{"x":-0.02718515135347843,"y":0.9727392792701721,"z":-0.1562911570072174,"w":-0.16917936503887177},"size":7.136667728424072,"orthographic":false}