{"cameraMode":{"drawMode":0,"name":"Shaded","section":"Shading Mode"},"sceneLighting":false,"audioPlay":false,"sceneViewState":{"showFog":true,"showMaterialUpdate":false,"showSkybox":false,"showFlares":true,"showImageEffects":true,"showParticleSystems":true},"in2DMode":false,"pivot":{"x":-2.384185791015625e-7,"y":-7.543712854385376e-8,"z":1.1920928955078126e-7},"rotation":{"x":0.21396780014038087,"y":0.780587911605835,"z":-0.3598855435848236,"w":0.46409428119659426},"size":1.4145115613937379,"orthographic":false}