{"cameraMode":{"drawMode":0,"name":"Shaded","section":"Shading Mode"},"sceneLighting":true,"audioPlay":false,"sceneViewState":{"showFog":true,"showMaterialUpdate":false,"showSkybox":true,"showFlares":true,"showImageEffects":true,"showParticleSystems":true},"in2DMode":false,"pivot":{"x":1.5740108489990235,"y":-3.788527488708496,"z":-2.508453845977783},"rotation":{"x":0.37862324714660647,"y":0.4723831117153168,"z":-0.23521976172924043,"w":0.7603759169578552},"size":9.550000190734864,"orthographic":false}